GO_acc,term_type,Term,queryitem,querytotal,bgitem,bgtotal,pvalue,FDR,entries
GO:0010200,P,response to chitin,16,211,151,37767,1.8E-15,9.2E-13,// AT5G47220 // AT5G47230 // AT4G17500 // AT5G27420 // AT4G17490 // AT2G38470 // AT1G51700 // AT4G01250 // AT4G37610 // AT3G05200 // AT5G64660 // AT1G75490 // AT1G27730 // AT5G62020 // AT3G19380 // AT4G37260 
GO:0009743,P,response to carbohydrate stimulus,17,211,240,37767,1.1E-13,2.8E-11,// AT5G47220 // AT5G47230 // AT4G17500 // AT5G27420 // AT4G17490 // AT2G38470 // AT1G51700 // AT4G01250 // AT4G37610 // AT3G48360 // AT3G05200 // AT5G64660 // AT1G75490 // AT1G27730 // AT5G62020 // AT3G19380 // AT4G37260 
GO:0010033,P,response to organic substance,31,211,1342,37767,3.7E-11,6.2E-09,// AT4G11280 // AT4G17500 // AT2G38470 // AT5G47220 // AT1G51700 // AT1G70700 // AT1G03445 // AT3G19380 // AT1G27730 // AT4G27410 // AT3G48360 // AT2G40000 // AT5G47230 // AT3G47620 // AT5G37260 // AT1G50640 // AT5G64660 // AT5G62020 // AT4G14560 // AT5G27420 // AT5G43700 // AT5G63160 // AT5G54490 // AT3G15500 // AT4G37610 // AT3G05200 // AT4G01250 // AT1G75490 // AT4G17490 // AT1G13260 // AT4G37260 
GO:0042221,P,response to chemical stimulus,35,211,2085,37767,7.5E-09,0.00000094,// AT4G11280 // AT4G17500 // AT2G38470 // AT5G47220 // AT1G51700 // AT1G70700 // AT1G03445 // AT3G19380 // AT1G27730 // AT3G15500 // AT4G27410 // AT3G48360 // AT2G40000 // AT5G47230 // AT3G47620 // AT5G37260 // AT1G50640 // AT3G14440 // AT5G64660 // AT5G56550 // AT5G62020 // AT4G14560 // AT5G52050 // AT5G27420 // AT5G43700 // AT5G63160 // AT5G54490 // AT3G10020 // AT4G37610 // AT3G05200 // AT4G01250 // AT1G75490 // AT4G17490 // AT1G13260 // AT4G37260 
GO:0010556,P,regulation of macromolecule biosynthetic process,31,211,1843,37767,0.000000058,0.0000058,// AT5G47220 // AT3G60390 // AT2G38470 // AT3G08730 // AT1G51700 // AT4G17500 // AT4G29190 // AT1G74930 // AT3G21270 // AT5G67190 // AT1G32360 // AT5G56270 // AT4G39780 // AT2G35530 // AT5G47230 // AT3G47620 // AT1G49130 // AT5G37260 // AT1G50640 // AT2G22200 // AT4G01250 // AT1G63650 // AT5G44180 // AT5G43700 // AT1G22190 // AT1G68520 // AT1G75490 // AT5G49450 // AT4G17490 // AT1G13260 // AT4G37260 
GO:0009889,P,regulation of biosynthetic process,31,211,1881,37767,0.00000009,0.0000065,// AT5G47220 // AT3G60390 // AT2G38470 // AT3G08730 // AT1G51700 // AT4G17500 // AT4G29190 // AT1G74930 // AT3G21270 // AT5G67190 // AT1G32360 // AT5G56270 // AT4G39780 // AT2G35530 // AT5G47230 // AT3G47620 // AT1G49130 // AT5G37260 // AT1G50640 // AT2G22200 // AT4G01250 // AT1G63650 // AT5G44180 // AT5G43700 // AT1G22190 // AT1G68520 // AT1G75490 // AT5G49450 // AT4G17490 // AT1G13260 // AT4G37260 
GO:0031326,P,regulation of cellular biosynthetic process,31,211,1881,37767,0.00000009,0.0000065,// AT5G47220 // AT3G60390 // AT2G38470 // AT3G08730 // AT1G51700 // AT4G17500 // AT4G29190 // AT1G74930 // AT3G21270 // AT5G67190 // AT1G32360 // AT5G56270 // AT4G39780 // AT2G35530 // AT5G47230 // AT3G47620 // AT1G49130 // AT5G37260 // AT1G50640 // AT2G22200 // AT4G01250 // AT1G63650 // AT5G44180 // AT5G43700 // AT1G22190 // AT1G68520 // AT1G75490 // AT5G49450 // AT4G17490 // AT1G13260 // AT4G37260 
GO:0031323,P,regulation of cellular metabolic process,32,211,2036,37767,0.00000016,0.0000098,// AT5G47220 // AT3G60390 // AT2G38470 // AT3G08730 // AT1G51700 // AT4G17500 // AT4G29190 // AT1G74930 // AT3G21270 // AT5G67190 // AT1G32360 // AT5G56270 // AT4G39780 // AT2G35530 // AT5G47230 // AT3G47620 // AT1G49130 // AT5G37260 // AT5G03470 // AT1G50640 // AT2G22200 // AT4G01250 // AT1G63650 // AT5G44180 // AT5G43700 // AT1G22190 // AT1G68520 // AT1G75490 // AT5G49450 // AT4G17490 // AT1G13260 // AT4G37260 
GO:0080090,P,regulation of primary metabolic process,31,211,1952,37767,0.0000002,0.000011,// AT5G47220 // AT3G60390 // AT2G38470 // AT3G08730 // AT1G51700 // AT4G17500 // AT4G29190 // AT1G74930 // AT3G21270 // AT5G67190 // AT1G32360 // AT5G56270 // AT4G39780 // AT2G35530 // AT5G47230 // AT3G47620 // AT1G49130 // AT5G37260 // AT1G50640 // AT2G22200 // AT4G01250 // AT1G63650 // AT5G44180 // AT5G43700 // AT1G22190 // AT1G68520 // AT1G75490 // AT5G49450 // AT4G17490 // AT1G13260 // AT4G37260 
GO:0010468,P,regulation of gene expression,31,211,2001,37767,0.00000034,0.000017,// AT5G47220 // AT3G60390 // AT2G38470 // AT3G08730 // AT1G51700 // AT4G17500 // AT4G29190 // AT1G74930 // AT3G21270 // AT5G67190 // AT1G32360 // AT5G56270 // AT4G39780 // AT2G35530 // AT5G47230 // AT3G47620 // AT1G49130 // AT5G37260 // AT1G50640 // AT2G22200 // AT4G01250 // AT1G63650 // AT5G44180 // AT5G43700 // AT1G22190 // AT1G68520 // AT1G75490 // AT5G49450 // AT4G17490 // AT1G13260 // AT4G37260 
GO:0050896,P,response to stimulus,48,211,4057,37767,0.00000046,0.000018,// AT4G11280 // AT5G06870 // AT4G17500 // AT2G38470 // AT1G25560 // AT5G06320 // AT3G08730 // AT1G51700 // AT5G47220 // AT1G70700 // AT1G03445 // AT5G54170 // AT3G44260 // AT3G19380 // AT1G17420 // AT1G72940 // AT1G27730 // AT3G15500 // AT3G12710 // AT1G74930 // AT4G27410 // AT1G72920 // AT3G48360 // AT2G40000 // AT5G47230 // AT3G47620 // AT5G37260 // AT1G50640 // AT3G51480 // AT3G14440 // AT5G64660 // AT5G56550 // AT5G62020 // AT4G14560 // AT5G52050 // AT5G27420 // AT5G43700 // AT5G63160 // AT3G17020 // AT5G54490 // AT3G10020 // AT4G37610 // AT3G05200 // AT4G01250 // AT1G75490 // AT4G17490 // AT1G13260 // AT4G37260 
GO:0006350,P,transcription,30,211,1923,37767,0.00000047,0.000018,// AT5G47220 // AT3G60390 // AT2G38470 // AT1G51700 // AT4G17500 // AT4G29190 // AT1G74930 // AT5G56270 // AT5G67190 // AT1G32360 // AT3G21270 // AT4G39780 // AT2G35530 // AT1G60620 // AT5G47230 // AT3G47620 // AT1G49130 // AT5G37260 // AT1G50640 // AT2G22200 // AT4G01250 // AT1G63650 // AT5G44180 // AT4G17490 // AT1G22190 // AT1G68520 // AT1G75490 // AT5G49450 // AT1G13260 // AT4G37260 
GO:0045449,P,regulation of transcription,29,211,1802,37767,0.0000004,0.000018,// AT5G47220 // AT3G60390 // AT2G38470 // AT1G51700 // AT4G17500 // AT4G29190 // AT1G74930 // AT5G56270 // AT5G67190 // AT1G32360 // AT3G21270 // AT4G39780 // AT2G35530 // AT5G47230 // AT3G47620 // AT1G49130 // AT5G37260 // AT1G50640 // AT2G22200 // AT4G01250 // AT1G63650 // AT5G44180 // AT4G17490 // AT1G22190 // AT1G68520 // AT1G75490 // AT5G49450 // AT1G13260 // AT4G37260 
GO:0060255,P,regulation of macromolecule metabolic process,31,211,2060,37767,0.00000063,0.000022,// AT5G47220 // AT3G60390 // AT2G38470 // AT3G08730 // AT1G51700 // AT4G17500 // AT4G29190 // AT1G74930 // AT3G21270 // AT5G67190 // AT1G32360 // AT5G56270 // AT4G39780 // AT2G35530 // AT5G47230 // AT3G47620 // AT1G49130 // AT5G37260 // AT1G50640 // AT2G22200 // AT4G01250 // AT1G63650 // AT5G44180 // AT5G43700 // AT1G22190 // AT1G68520 // AT1G75490 // AT5G49450 // AT4G17490 // AT1G13260 // AT4G37260 
GO:0019219,P,"regulation of nucleobase, nucleoside, nucleotide and nucleic acid metabolic process",29,211,1847,37767,0.00000065,0.000022,// AT5G47220 // AT3G60390 // AT2G38470 // AT1G51700 // AT4G17500 // AT4G29190 // AT1G74930 // AT5G56270 // AT5G67190 // AT1G32360 // AT3G21270 // AT4G39780 // AT2G35530 // AT5G47230 // AT3G47620 // AT1G49130 // AT5G37260 // AT1G50640 // AT2G22200 // AT4G01250 // AT1G63650 // AT5G44180 // AT4G17490 // AT1G22190 // AT1G68520 // AT1G75490 // AT5G49450 // AT1G13260 // AT4G37260 
GO:0019222,P,regulation of metabolic process,32,211,2210,37767,0.00000092,0.000027,// AT5G47220 // AT3G60390 // AT2G38470 // AT3G08730 // AT1G51700 // AT4G17500 // AT4G29190 // AT1G74930 // AT3G21270 // AT5G67190 // AT1G32360 // AT5G56270 // AT4G39780 // AT2G35530 // AT5G47230 // AT3G47620 // AT1G49130 // AT5G37260 // AT5G03470 // AT1G50640 // AT2G22200 // AT4G01250 // AT1G63650 // AT5G44180 // AT5G43700 // AT1G22190 // AT1G68520 // AT1G75490 // AT5G49450 // AT4G17490 // AT1G13260 // AT4G37260 
GO:0009719,P,response to endogenous stimulus,21,211,1068,37767,0.00000088,0.000027,// AT4G11280 // AT5G47230 // AT3G47620 // AT5G27420 // AT5G43700 // AT5G47220 // AT5G63160 // AT5G54490 // AT1G27730 // AT1G50640 // AT1G70700 // AT4G27410 // AT4G37610 // AT3G48360 // AT1G03445 // AT4G17490 // AT3G15500 // AT4G14560 // AT1G13260 // AT5G37260 // AT4G37260 
GO:0006355,P,"regulation of transcription, DNA-dependent",20,211,987,37767,0.000001,0.000027,// AT5G47220 // AT5G47230 // AT3G60390 // AT5G44180 // AT4G17490 // AT5G67190 // AT2G38470 // AT5G56270 // AT1G74930 // AT1G22190 // AT2G35530 // AT2G22200 // AT4G39780 // AT4G01250 // AT1G75490 // AT5G49450 // AT4G17500 // AT1G50640 // AT1G13260 // AT4G37260 
GO:0051171,P,regulation of nitrogen compound metabolic process,29,211,1888,37767,0.000001,0.000027,// AT5G47220 // AT3G60390 // AT2G38470 // AT1G51700 // AT4G17500 // AT4G29190 // AT1G74930 // AT5G56270 // AT5G67190 // AT1G32360 // AT3G21270 // AT4G39780 // AT2G35530 // AT5G47230 // AT3G47620 // AT1G49130 // AT5G37260 // AT1G50640 // AT2G22200 // AT4G01250 // AT1G63650 // AT5G44180 // AT4G17490 // AT1G22190 // AT1G68520 // AT1G75490 // AT5G49450 // AT1G13260 // AT4G37260 
GO:0051252,P,regulation of RNA metabolic process,20,211,996,37767,0.0000012,0.00003,// AT5G47220 // AT5G47230 // AT3G60390 // AT5G44180 // AT4G17490 // AT5G67190 // AT2G38470 // AT5G56270 // AT1G74930 // AT1G22190 // AT2G35530 // AT2G22200 // AT4G39780 // AT4G01250 // AT1G75490 // AT5G49450 // AT4G17500 // AT1G50640 // AT1G13260 // AT4G37260 
GO:0006351,P,"transcription, DNA-dependent",20,211,1039,37767,0.0000022,0.000051,// AT5G47220 // AT5G47230 // AT3G60390 // AT5G44180 // AT4G17490 // AT5G67190 // AT2G38470 // AT5G56270 // AT1G74930 // AT1G22190 // AT2G35530 // AT2G22200 // AT4G39780 // AT4G01250 // AT1G75490 // AT5G49450 // AT4G17500 // AT1G50640 // AT1G13260 // AT4G37260 
GO:0032774,P,RNA biosynthetic process,20,211,1040,37767,0.0000022,0.000051,// AT5G47220 // AT5G47230 // AT3G60390 // AT5G44180 // AT4G17490 // AT5G67190 // AT2G38470 // AT5G56270 // AT1G74930 // AT1G22190 // AT2G35530 // AT2G22200 // AT4G39780 // AT4G01250 // AT1G75490 // AT5G49450 // AT4G17500 // AT1G50640 // AT1G13260 // AT4G37260 
GO:0009725,P,response to hormone stimulus,19,211,982,37767,0.0000037,0.000081,// AT4G11280 // AT5G47230 // AT3G47620 // AT5G27420 // AT5G43700 // AT5G47220 // AT5G63160 // AT5G54490 // AT1G27730 // AT1G50640 // AT4G27410 // AT4G37610 // AT3G48360 // AT1G03445 // AT4G17490 // AT4G14560 // AT1G13260 // AT5G37260 // AT4G37260 
GO:0050794,P,regulation of cellular process,39,211,3375,37767,0.000012,0.00025,// AT4G11280 // AT5G06870 // AT4G17500 // AT2G38470 // AT5G47220 // AT3G08730 // AT1G51700 // AT1G48090 // AT1G03445 // AT3G60390 // AT4G29190 // AT1G74930 // AT3G21270 // AT5G67190 // AT1G72940 // AT1G32360 // AT5G56270 // AT1G33610 // AT1G22190 // AT2G35530 // AT5G47230 // AT3G47620 // AT1G49130 // AT5G37260 // AT5G03470 // AT1G50640 // AT2G22200 // AT4G01250 // AT1G63650 // AT5G44180 // AT5G43700 // AT3G15500 // AT4G39780 // AT1G68520 // AT1G75490 // AT5G49450 // AT4G17490 // AT1G13260 // AT4G37260 
GO:0065007,P,biological regulation,44,211,4188,37767,0.000031,0.00061,// AT4G11280 // AT5G06870 // AT4G17500 // AT2G38470 // AT4G21323 // AT5G47220 // AT3G08730 // AT1G51700 // AT1G48090 // AT1G03445 // AT3G60390 // AT4G29190 // AT1G74930 // AT3G21270 // AT5G67190 // AT1G72940 // AT1G32360 // AT5G56270 // AT1G33610 // AT1G22190 // AT2G35530 // AT3G48360 // AT5G47230 // AT3G47620 // AT1G49130 // AT5G43900 // AT1G75760 // AT5G37260 // AT5G03470 // AT1G50640 // AT3G51480 // AT2G22200 // AT4G01250 // AT1G63650 // AT5G44180 // AT5G43700 // AT3G15500 // AT4G39780 // AT1G68520 // AT1G75490 // AT5G49450 // AT4G17490 // AT1G13260 // AT4G37260 
GO:0050789,P,regulation of biological process,40,211,3697,37767,0.00004,0.00077,// AT4G11280 // AT5G06870 // AT4G17500 // AT2G38470 // AT5G47220 // AT3G08730 // AT1G51700 // AT1G48090 // AT1G03445 // AT3G60390 // AT4G29190 // AT1G74930 // AT3G21270 // AT5G67190 // AT1G72940 // AT1G32360 // AT5G56270 // AT1G33610 // AT1G22190 // AT2G35530 // AT3G48360 // AT5G47230 // AT3G47620 // AT1G49130 // AT5G37260 // AT5G03470 // AT1G50640 // AT2G22200 // AT4G01250 // AT1G63650 // AT5G44180 // AT5G43700 // AT3G15500 // AT4G39780 // AT1G68520 // AT1G75490 // AT5G49450 // AT4G17490 // AT1G13260 // AT4G37260 
GO:0016070,P,RNA metabolic process,23,211,1657,37767,0.000068,0.0013,// AT5G47220 // AT3G60390 // AT2G38470 // AT4G17500 // AT3G44260 // AT2G35530 // AT5G56270 // AT4G24740 // AT5G67190 // AT4G39780 // AT1G74930 // AT1G07350 // AT5G47230 // AT4G01250 // AT2G22200 // AT1G50640 // AT5G44180 // AT4G17490 // AT1G22190 // AT1G75490 // AT5G49450 // AT1G13260 // AT4G37260 
GO:0009611,P,response to wounding,7,211,197,37767,0.00015,0.0028,// AT4G11280 // AT1G27730 // AT1G74930 // AT1G72920 // AT5G54170 // AT3G44260 // AT1G17420 
GO:0009723,P,response to ethylene stimulus,7,211,199,37767,0.00016,0.0028,// AT4G11280 // AT5G47230 // AT4G17490 // AT5G47220 // AT5G37260 // AT1G50640 // AT4G37260 
GO:0006139,P,"nucleobase, nucleoside, nucleotide and nucleic acid metabolic process",34,211,3198,37767,0.00023,0.0038,// AT5G47220 // AT3G60390 // AT2G38470 // AT1G51700 // AT4G17500 // AT4G29190 // AT1G74930 // AT3G21270 // AT3G44260 // AT4G24740 // AT5G67190 // AT1G32360 // AT5G56270 // AT3G12710 // AT2G35530 // AT1G07350 // AT1G60620 // AT4G39780 // AT5G47230 // AT3G47620 // AT1G49130 // AT5G37260 // AT1G50640 // AT2G22200 // AT4G01250 // AT1G63650 // AT5G44180 // AT4G17490 // AT1G22190 // AT1G68520 // AT1G75490 // AT5G49450 // AT1G13260 // AT4G37260 
GO:0009733,P,response to auxin stimulus,9,211,360,37767,0.00024,0.0039,// AT4G11280 // AT5G43700 // AT5G63160 // AT5G54490 // AT4G14560 // AT4G37610 // AT3G48360 // AT5G37260 // AT4G37260 
GO:0006807,P,nitrogen compound metabolic process,38,211,3826,37767,0.00036,0.0057,// AT4G11280 // AT3G61750 // AT3G60390 // AT2G38470 // AT5G47220 // AT1G51700 // AT4G17500 // AT4G29190 // AT1G74930 // AT3G21270 // AT3G44260 // AT4G24740 // AT5G67190 // AT1G32360 // AT5G56270 // AT2G31810 // AT3G12710 // AT2G35530 // AT1G07350 // AT1G60620 // AT5G47230 // AT3G47620 // AT1G49130 // AT5G37260 // AT1G22190 // AT1G50640 // AT2G22200 // AT4G01250 // AT5G44180 // AT1G63650 // AT2G26550 // AT4G17490 // AT4G39780 // AT1G68520 // AT1G75490 // AT5G49450 // AT1G13260 // AT4G37260 
GO:0006950,P,response to stress,25,211,2320,37767,0.0014,0.021,// AT4G11280 // AT5G06870 // AT2G38470 // AT5G06320 // AT3G08730 // AT5G47220 // AT5G54170 // AT3G44260 // AT1G17420 // AT1G72940 // AT1G27730 // AT3G15500 // AT3G12710 // AT1G74930 // AT4G27410 // AT1G72920 // AT3G48360 // AT2G40000 // AT5G47230 // AT5G37260 // AT3G14440 // AT5G56550 // AT3G10020 // AT3G17020 // AT4G37260 
GO:0009753,P,response to jasmonic acid stimulus,6,211,215,37767,0.0015,0.023,// AT4G11280 // AT5G47220 // AT5G37260 // AT1G70700 // AT3G15500 // AT4G37260 
GO:0009605,P,response to external stimulus,8,211,429,37767,0.0032,0.046,// AT4G11280 // AT5G27420 // AT1G74930 // AT1G72920 // AT5G54170 // AT1G17420 // AT3G44260 // AT1G27730 
GO:0044260,P,cellular macromolecule metabolic process,52,211,6447,37767,0.0034,0.047,// AT5G47220 // AT3G60390 // AT2G38470 // AT3G08730 // AT1G51700 // AT5G47230 // AT2G30100 // AT1G80920 // AT4G17500 // AT4G29190 // AT2G35530 // AT3G21270 // AT3G44260 // AT4G24740 // AT5G67190 // AT3G14200 // AT1G32360 // AT5G56270 // AT1G74930 // AT3G12710 // AT2G17880 // AT1G07350 // AT1G60620 // AT4G39780 // AT2G12550 // AT4G37250 // AT4G36040 // AT1G68520 // AT4G12570 // AT3G47620 // AT4G36550 // AT1G49130 // AT5G37260 // AT1G22190 // AT1G50640 // AT2G22200 // AT4G01250 // AT3G04910 // AT1G63650 // AT5G44180 // AT5G43700 // AT5G43190 // AT1G70190 // AT1G71020 // AT1G55860 // AT2G32800 // AT1G75490 // AT5G49450 // AT4G17490 // AT1G13260 // AT1G70320 // AT4G37260 
GO:0034645,P,cellular macromolecule biosynthetic process,33,211,3661,37767,0.0043,0.059,// AT5G47220 // AT3G60390 // AT2G38470 // AT3G08730 // AT1G51700 // AT4G17500 // AT4G29190 // AT1G74930 // AT3G21270 // AT5G67190 // AT1G32360 // AT5G56270 // AT4G39780 // AT2G35530 // AT1G60620 // AT5G47230 // AT3G47620 // AT1G49130 // AT5G37260 // AT1G50640 // AT2G22200 // AT4G01250 // AT1G63650 // AT5G44180 // AT5G43700 // AT1G70190 // AT1G22190 // AT1G68520 // AT1G75490 // AT5G49450 // AT4G17490 // AT1G13260 // AT4G37260 
GO:0010467,P,gene expression,35,211,3962,37767,0.0045,0.06,// AT5G47220 // AT3G60390 // AT2G38470 // AT3G08730 // AT1G51700 // AT4G17500 // AT4G29190 // AT1G74930 // AT3G21270 // AT4G24740 // AT5G67190 // AT1G32360 // AT5G56270 // AT4G39780 // AT2G35530 // AT1G07350 // AT1G60620 // AT5G47230 // AT3G47620 // AT1G49130 // AT5G37260 // AT1G50640 // AT2G22200 // AT4G01250 // AT1G63650 // AT5G44180 // AT5G43700 // AT1G70190 // AT1G22190 // AT1G68520 // AT1G75490 // AT5G49450 // AT4G17490 // AT1G13260 // AT4G37260 
GO:0009059,P,macromolecule biosynthetic process,33,211,3685,37767,0.0048,0.061,// AT5G47220 // AT3G60390 // AT2G38470 // AT3G08730 // AT1G51700 // AT4G17500 // AT4G29190 // AT1G74930 // AT3G21270 // AT5G67190 // AT1G32360 // AT5G56270 // AT4G39780 // AT2G35530 // AT1G60620 // AT5G47230 // AT3G47620 // AT1G49130 // AT5G37260 // AT1G50640 // AT2G22200 // AT4G01250 // AT1G63650 // AT5G44180 // AT5G43700 // AT1G70190 // AT1G22190 // AT1G68520 // AT1G75490 // AT5G49450 // AT4G17490 // AT1G13260 // AT4G37260 
GO:0009987,P,cellular process,82,211,11684,37767,0.0089,0.11,// AT4G11280 // AT5G06870 // AT3G60390 // AT3G12400 // AT1G23870 // AT5G47220 // AT3G08730 // AT1G51700 // AT1G48090 // AT1G33610 // AT5G47230 // AT1G34210 // AT1G02010 // AT3G61750 // AT1G03445 // AT2G30100 // AT1G80920 // AT4G17500 // AT4G29190 // AT2G35530 // AT3G21270 // AT3G44260 // AT2G38470 // AT4G24740 // AT5G67190 // AT1G72940 // AT1G27730 // AT3G14200 // AT1G32360 // AT5G56270 // AT1G71020 // AT2G31810 // AT3G12710 // AT2G17880 // AT1G07350 // AT1G60620 // AT2G12550 // AT4G37250 // AT5G18280 // AT4G36040 // AT1G68520 // AT4G12570 // AT3G47620 // AT4G36550 // AT1G49130 // AT5G43900 // AT1G75760 // AT5G37260 // AT5G03470 // AT1G22190 // AT1G50640 // AT3G51480 // AT2G22200 // AT3G14440 // AT5G44180 // AT4G24570 // AT1G63650 // AT1G74930 // AT4G01250 // AT3G04910 // AT5G27420 // AT1G70320 // AT3G46320 // AT2G26550 // AT5G43700 // AT5G43190 // AT1G13260 // AT5G52050 // AT1G70190 // AT1G17420 // AT3G15500 // AT4G39780 // AT3G47800 // AT1G55860 // AT1G14560 // AT1G75490 // AT5G49450 // AT4G17490 // AT5G58430 // AT5G12390 // AT2G32800 // AT4G37260 
GO:0009414,P,response to water deprivation,5,211,229,37767,0.01,0.12,// AT4G27410 // AT3G14440 // AT1G27730 // AT2G38470 // AT3G15500 
GO:0043170,P,macromolecule metabolic process,54,211,7127,37767,0.01,0.12,// AT5G47220 // AT3G60390 // AT2G38470 // AT4G21323 // AT5G19120 // AT3G08730 // AT1G51700 // AT5G47230 // AT2G30100 // AT1G80920 // AT4G17500 // AT4G29190 // AT2G35530 // AT3G21270 // AT3G44260 // AT4G24740 // AT5G67190 // AT3G14200 // AT1G32360 // AT5G56270 // AT1G74930 // AT3G12710 // AT2G17880 // AT1G07350 // AT1G60620 // AT4G39780 // AT2G12550 // AT4G37250 // AT4G36040 // AT1G68520 // AT4G12570 // AT3G47620 // AT4G36550 // AT1G49130 // AT5G37260 // AT1G22190 // AT1G50640 // AT2G22200 // AT4G01250 // AT3G04910 // AT1G63650 // AT5G44180 // AT5G43700 // AT5G43190 // AT1G70190 // AT1G71020 // AT1G55860 // AT1G70320 // AT1G75490 // AT5G49450 // AT4G17490 // AT1G13260 // AT2G32800 // AT4G37260 
GO:0009415,P,response to water,5,211,240,37767,0.012,0.14,// AT4G27410 // AT3G14440 // AT1G27730 // AT2G38470 // AT3G15500 
GO:0044238,P,primary metabolic process,65,211,8995,37767,0.012,0.14,// AT4G11280 // AT3G61750 // AT3G60390 // AT2G38470 // AT4G21323 // AT5G47220 // AT3G08730 // AT1G51700 // AT5G18640 // AT5G47230 // AT2G30100 // AT1G80920 // AT4G17500 // AT4G29190 // AT2G35530 // AT3G21270 // AT3G44260 // AT4G24740 // AT5G67190 // AT1G23870 // AT3G14200 // AT1G32360 // AT5G56270 // AT1G71020 // AT2G31810 // AT3G12710 // AT2G17880 // AT1G07350 // AT1G60620 // AT2G12550 // AT4G37250 // AT4G36040 // AT1G68520 // AT4G12570 // AT3G47620 // AT1G28600 // AT4G36550 // AT1G49130 // AT5G37260 // AT1G22190 // AT1G50640 // AT2G22200 // AT1G02660 // AT3G28340 // AT1G74930 // AT4G01250 // AT3G04910 // AT5G19120 // AT1G63650 // AT5G44180 // AT5G43700 // AT5G43190 // AT1G70190 // AT1G17420 // AT4G39780 // AT3G47800 // AT1G55860 // AT1G70320 // AT3G14440 // AT1G75490 // AT5G49450 // AT4G17490 // AT1G13260 // AT2G32800 // AT4G37260 
GO:0044249,P,cellular biosynthetic process,39,211,4925,37767,0.016,0.17,// AT4G11280 // AT3G60390 // AT2G38470 // AT1G23870 // AT5G47220 // AT3G08730 // AT1G51700 // AT4G17500 // AT4G29190 // AT1G74930 // AT3G21270 // AT1G17420 // AT5G67190 // AT1G32360 // AT5G56270 // AT2G31810 // AT1G22190 // AT2G35530 // AT1G60620 // AT5G47230 // AT3G47620 // AT1G49130 // AT5G37260 // AT1G50640 // AT2G22200 // AT3G14440 // AT4G01250 // AT2G26550 // AT1G63650 // AT5G44180 // AT5G43700 // AT1G70190 // AT4G39780 // AT1G68520 // AT1G75490 // AT5G49450 // AT4G17490 // AT1G13260 // AT4G37260 
GO:0009058,P,biosynthetic process,40,211,5118,37767,0.018,0.19,// AT4G11280 // AT3G60390 // AT2G38470 // AT1G23870 // AT5G47220 // AT3G08730 // AT1G51700 // AT4G17500 // AT4G29190 // AT1G74930 // AT3G21270 // AT1G17420 // AT5G67190 // AT1G32360 // AT5G56270 // AT2G31810 // AT1G22190 // AT2G35530 // AT1G60620 // AT5G47230 // AT3G47620 // AT1G49130 // AT5G37260 // AT1G50640 // AT2G22200 // AT3G28340 // AT4G01250 // AT2G26550 // AT1G63650 // AT5G44180 // AT5G43700 // AT1G70190 // AT4G39780 // AT3G14440 // AT1G68520 // AT1G75490 // AT5G49450 // AT4G17490 // AT1G13260 // AT4G37260 
GO:0009651,P,response to salt stress,6,211,366,37767,0.018,0.19,// AT1G27730 // AT3G08730 // AT5G37260 // AT3G14440 // AT4G37260 // AT2G38470 
GO:0009737,P,response to abscisic acid stimulus,6,211,378,37767,0.021,0.21,// AT3G47620 // AT1G27730 // AT5G37260 // AT4G27410 // AT4G37260 // AT5G27420 
GO:0044237,P,cellular metabolic process,62,211,8722,37767,0.021,0.21,// AT4G11280 // AT3G61750 // AT3G60390 // AT2G38470 // AT1G23870 // AT5G47220 // AT3G08730 // AT1G51700 // AT5G47230 // AT2G30100 // AT1G80920 // AT4G17500 // AT4G29190 // AT2G35530 // AT3G21270 // AT3G44260 // AT4G24740 // AT5G67190 // AT1G27730 // AT3G14200 // AT1G32360 // AT5G56270 // AT1G71020 // AT2G31810 // AT3G12710 // AT2G17880 // AT1G07350 // AT1G60620 // AT2G12550 // AT4G37250 // AT4G36040 // AT1G68520 // AT4G12570 // AT3G47620 // AT4G36550 // AT1G49130 // AT5G37260 // AT5G03470 // AT1G22190 // AT1G50640 // AT2G22200 // AT3G14440 // AT1G74930 // AT4G01250 // AT3G04910 // AT5G44180 // AT1G63650 // AT2G26550 // AT5G43700 // AT5G43190 // AT1G70190 // AT1G17420 // AT4G39780 // AT3G47800 // AT1G55860 // AT1G70320 // AT1G75490 // AT5G49450 // AT4G17490 // AT1G13260 // AT2G32800 // AT4G37260 
GO:0006970,P,response to osmotic stress,6,211,408,37767,0.029,0.29,// AT1G27730 // AT3G08730 // AT5G37260 // AT3G14440 // AT4G37260 // AT2G38470 
GO:0009755,P,hormone-mediated signaling pathway,5,211,321,37767,0.036,0.35,// AT5G47220 // AT5G47230 // AT1G03445 // AT4G17490 // AT1G50640 
GO:0032870,P,cellular response to hormone stimulus,5,211,321,37767,0.036,0.35,// AT5G47220 // AT5G47230 // AT1G03445 // AT4G17490 // AT1G50640 
GO:0009409,P,response to cold,5,211,328,37767,0.039,0.37,// AT3G08730 // AT5G47230 // AT3G17020 // AT2G38470 // AT1G27730 
GO:0070887,P,cellular response to chemical stimulus,6,211,452,37767,0.044,0.4,// AT5G47220 // AT5G47230 // AT4G17490 // AT1G50640 // AT3G15500 // AT1G03445 
GO:0008152,P,metabolic process,71,211,10614,37767,0.045,0.41,// AT4G11280 // AT3G61750 // AT3G60390 // AT2G38470 // AT4G21323 // AT5G47220 // AT3G08730 // AT1G51700 // AT3G04000 // AT5G18640 // AT5G47230 // AT2G30100 // AT1G80920 // AT4G17500 // AT4G29190 // AT2G35530 // AT3G21270 // AT3G44260 // AT4G24740 // AT5G67190 // AT1G23870 // AT3G14200 // AT1G32360 // AT3G55310 // AT1G71020 // AT2G31810 // AT3G12710 // AT2G17880 // AT1G07350 // AT1G60620 // AT2G12550 // AT4G37250 // AT4G36040 // AT1G68520 // AT2G29300 // AT4G12570 // AT3G47620 // AT1G28600 // AT4G36550 // AT1G49130 // AT5G37260 // AT5G03470 // AT1G22190 // AT1G50640 // AT2G22200 // AT1G02660 // AT3G28340 // AT1G27730 // AT1G74930 // AT4G01250 // AT3G04910 // AT5G44180 // AT5G19120 // AT1G63650 // AT2G26550 // AT5G43700 // AT5G43190 // AT1G70190 // AT1G17420 // AT4G39780 // AT3G47800 // AT1G55860 // AT1G70320 // AT3G14440 // AT1G75490 // AT5G49450 // AT4G17490 // AT5G56270 // AT1G13260 // AT2G32800 // AT4G37260 
GO:0009607,P,response to biotic stimulus,7,211,638,37767,0.07,0.61,// AT5G47220 // AT2G38470 // AT5G06320 // AT1G74930 // AT3G44260 // AT2G40000 // AT1G17420 
GO:0006952,P,defense response,8,211,766,37767,0.068,0.61,// AT5G47220 // AT5G06870 // AT1G72940 // AT2G38470 // AT5G06320 // AT1G72920 // AT1G17420 // AT2G40000 
GO:0009628,P,response to abiotic stimulus,13,211,1471,37767,0.072,0.62,// AT4G11280 // AT5G47230 // AT2G38470 // AT1G25560 // AT3G15500 // AT3G08730 // AT5G37260 // AT3G51480 // AT4G27410 // AT3G14440 // AT1G27730 // AT3G17020 // AT4G37260 
GO:0007165,P,signal transduction,11,211,1228,37767,0.086,0.73,// AT5G47220 // AT5G47230 // AT5G06870 // AT1G72940 // AT4G17490 // AT1G33610 // AT1G48090 // AT5G03470 // AT1G50640 // AT3G15500 // AT1G03445 
GO:0051716,P,cellular response to stimulus,8,211,840,37767,0.1,0.84,// AT5G47220 // AT5G47230 // AT5G27420 // AT4G17490 // AT3G12710 // AT1G50640 // AT3G15500 // AT1G03445 
GO:0051641,P,cellular localization,6,211,569,37767,0.1,0.84,// AT5G43900 // AT1G75760 // AT1G02010 // AT4G24570 // AT5G58430 // AT1G14560 
GO:0000003,P,reproduction,6,211,1186,37767,0.65,1,// AT1G25560 // AT5G37260 // AT5G49450 // AT2G15890 // AT1G13260 // AT5G18280 
GO:0048513,P,organ development,6,211,838,37767,0.33,1,// AT4G13395 // AT3G12400 // AT5G43900 // AT1G63650 // AT5G49450 // AT1G13260 
GO:0003006,P,reproductive developmental process,5,211,978,37767,0.64,1,// AT5G49450 // AT2G15890 // AT1G13260 // AT5G37260 // AT1G25560 
GO:0043436,P,oxoacid metabolic process,5,211,859,37767,0.53,1,// AT4G11280 // AT1G17420 // AT3G61750 // AT2G31810 // AT3G14440 
GO:0051707,P,response to other organism,5,211,599,37767,0.25,1,// AT5G47220 // AT1G17420 // AT2G40000 // AT2G38470 // AT5G06320 
GO:0051704,P,multi-organism process,6,211,776,37767,0.27,1,// AT5G47220 // AT2G38470 // AT5G06320 // AT1G17420 // AT2G40000 // AT5G18280 
GO:0009791,P,post-embryonic development,6,211,705,37767,0.21,1,// AT3G47620 // AT1G25560 // AT5G37260 // AT5G49450 // AT2G15890 // AT1G13260 
GO:0019538,P,protein metabolic process,20,211,4009,37767,0.74,1,// AT1G70320 // AT4G12570 // AT4G36550 // AT5G43700 // AT4G21323 // AT5G19120 // AT3G08730 // AT4G36040 // AT5G43190 // AT1G70190 // AT2G17880 // AT3G14200 // AT1G71020 // AT1G55860 // AT2G30100 // AT2G12550 // AT1G80920 // AT4G37250 // AT3G04910 // AT2G32800 
GO:0044267,P,cellular protein metabolic process,18,211,3487,37767,0.67,1,// AT1G70320 // AT4G12570 // AT4G36550 // AT5G43700 // AT5G43190 // AT3G08730 // AT4G36040 // AT1G70190 // AT2G17880 // AT3G14200 // AT1G71020 // AT1G55860 // AT2G30100 // AT2G12550 // AT1G80920 // AT4G37250 // AT3G04910 // AT2G32800 
GO:0006629,P,lipid metabolic process,5,211,841,37767,0.51,1,// AT1G02660 // AT3G14440 // AT1G28600 // AT1G17420 // AT5G18640 
GO:0006810,P,transport,11,211,1846,37767,0.46,1,// AT2G24240 // AT5G43900 // AT1G75760 // AT5G02180 // AT5G52050 // AT1G02010 // AT1G55690 // AT4G24570 // AT1G57990 // AT5G58430 // AT1G14560 
GO:0043412,P,macromolecule modification,12,211,1636,37767,0.21,1,// AT1G70320 // AT4G12570 // AT3G08730 // AT4G36550 // AT1G71020 // AT1G55860 // AT2G30100 // AT2G12550 // AT4G37250 // AT3G04910 // AT3G44260 // AT2G32800 
GO:0009266,P,response to temperature stimulus,5,211,485,37767,0.14,1,// AT3G08730 // AT5G47230 // AT3G17020 // AT2G38470 // AT1G27730 
GO:0051234,P,establishment of localization,11,211,1851,37767,0.46,1,// AT2G24240 // AT5G43900 // AT1G75760 // AT5G02180 // AT5G52050 // AT1G02010 // AT1G55690 // AT4G24570 // AT1G57990 // AT5G58430 // AT1G14560 
GO:0016310,P,phosphorylation,5,211,1079,37767,0.72,1,// AT3G08730 // AT3G04910 // AT4G37250 // AT5G03470 // AT2G32800 
GO:0044248,P,cellular catabolic process,5,211,746,37767,0.41,1,// AT3G61750 // AT1G55860 // AT2G26550 // AT1G70320 // AT5G43190 
GO:0034641,P,cellular nitrogen compound metabolic process,5,211,506,37767,0.16,1,// AT4G11280 // AT3G61750 // AT2G31810 // AT2G26550 // AT2G38470 
GO:0006508,P,proteolysis,5,211,810,37767,0.47,1,// AT5G19120 // AT1G55860 // AT1G70320 // AT4G21323 // AT5G43190 
GO:0032502,P,developmental process,15,211,2304,37767,0.31,1,// AT4G13395 // AT3G47620 // AT3G12400 // AT1G25560 // AT3G15500 // AT5G63160 // AT5G43900 // AT1G34210 // AT4G27410 // AT1G63650 // AT3G48360 // AT5G49450 // AT2G15890 // AT1G13260 // AT5G37260 
GO:0032501,P,multicellular organismal process,16,211,2094,37767,0.13,1,// AT4G13395 // AT3G47620 // AT3G12400 // AT1G25560 // AT3G15500 // AT5G63160 // AT5G43900 // AT1G34210 // AT4G27410 // AT1G63650 // AT3G48360 // AT5G49450 // AT2G15890 // AT1G13260 // AT5G37260 // AT1G27730 
GO:0048608,P,reproductive structure development,5,211,978,37767,0.64,1,// AT5G49450 // AT2G15890 // AT1G13260 // AT5G37260 // AT1G25560 
GO:0043687,P,post-translational protein modification,8,211,1248,37767,0.4,1,// AT3G08730 // AT4G36550 // AT1G71020 // AT1G55860 // AT2G32800 // AT4G37250 // AT3G04910 // AT1G70320 
GO:0006082,P,organic acid metabolic process,5,211,860,37767,0.53,1,// AT4G11280 // AT1G17420 // AT3G61750 // AT2G31810 // AT3G14440 
GO:0007242,P,intracellular signaling cascade,6,211,659,37767,0.17,1,// AT5G47220 // AT5G47230 // AT4G17490 // AT1G50640 // AT3G15500 // AT1G03445 
GO:0048731,P,system development,6,211,839,37767,0.33,1,// AT4G13395 // AT3G12400 // AT5G43900 // AT1G63650 // AT5G49450 // AT1G13260 
GO:0019752,P,carboxylic acid metabolic process,5,211,859,37767,0.53,1,// AT4G11280 // AT1G17420 // AT3G61750 // AT2G31810 // AT3G14440 
GO:0007275,P,multicellular organismal development,15,211,2020,37767,0.16,1,// AT4G13395 // AT3G47620 // AT3G12400 // AT1G25560 // AT3G15500 // AT5G63160 // AT5G43900 // AT1G34210 // AT4G27410 // AT1G63650 // AT3G48360 // AT5G49450 // AT2G15890 // AT1G13260 // AT5G37260 
GO:0006464,P,protein modification process,11,211,1474,37767,0.21,1,// AT1G70320 // AT4G12570 // AT3G08730 // AT4G36550 // AT1G71020 // AT1G55860 // AT2G30100 // AT2G12550 // AT4G37250 // AT3G04910 // AT2G32800 
GO:0022414,P,reproductive process,6,211,1161,37767,0.63,1,// AT1G25560 // AT5G37260 // AT5G49450 // AT2G15890 // AT1G13260 // AT5G18280 
GO:0051649,P,establishment of localization in cell,5,211,525,37767,0.17,1,// AT5G43900 // AT1G02010 // AT5G58430 // AT1G14560 // AT4G24570 
GO:0009056,P,catabolic process,5,211,1307,37767,0.86,1,// AT3G61750 // AT1G55860 // AT2G26550 // AT1G70320 // AT5G43190 
GO:0051179,P,localization,12,211,1922,37767,0.39,1,// AT2G24240 // AT5G43900 // AT1G75760 // AT5G02180 // AT5G52050 // AT1G02010 // AT1G55690 // AT1G03445 // AT4G24570 // AT1G57990 // AT5G58430 // AT1G14560 
GO:0042180,P,cellular ketone metabolic process,5,211,882,37767,0.55,1,// AT4G11280 // AT1G17420 // AT3G61750 // AT2G31810 // AT3G14440 
GO:0048856,P,anatomical structure development,9,211,1726,37767,0.63,1,// AT4G13395 // AT3G12400 // AT1G25560 // AT5G43900 // AT5G37260 // AT1G63650 // AT5G49450 // AT2G15890 // AT1G13260 
GO:0006796,P,phosphate metabolic process,5,211,1178,37767,0.79,1,// AT3G08730 // AT3G04910 // AT4G37250 // AT5G03470 // AT2G32800 
GO:0006793,P,phosphorus metabolic process,5,211,1179,37767,0.79,1,// AT3G08730 // AT3G04910 // AT4G37250 // AT5G03470 // AT2G32800 
GO:0030528,F,transcription regulator activity,42,211,2417,37767,6.2E-11,7.4E-09,// AT5G47220 // AT3G60390 // AT2G38470 // AT1G25560 // AT1G51700 // AT1G68840 // AT5G44260 // AT4G17500 // AT4G29190 // AT1G74930 // AT3G21270 // AT5G67190 // AT1G27730 // AT1G32360 // AT5G56270 // AT4G39780 // AT2G35530 // AT4G27410 // AT3G48360 // AT5G47230 // AT3G47620 // AT1G49130 // AT5G37260 // AT1G22190 // AT4G14560 // AT2G22200 // AT5G62020 // AT1G50640 // AT1G63650 // AT5G44180 // AT5G43700 // AT5G63160 // AT3G04930 // AT3G15500 // AT4G37610 // AT1G68520 // AT4G01250 // AT1G75490 // AT5G49450 // AT4G17490 // AT1G13260 // AT4G37260 
GO:0003700,F,transcription factor activity,38,211,2173,37767,5E-10,0.00000003,// AT5G47220 // AT3G60390 // AT2G38470 // AT1G25560 // AT1G51700 // AT1G68840 // AT5G44260 // AT4G17500 // AT4G29190 // AT1G74930 // AT3G21270 // AT5G67190 // AT1G27730 // AT1G32360 // AT5G56270 // AT1G22190 // AT2G35530 // AT4G27410 // AT5G47230 // AT3G47620 // AT1G49130 // AT5G37260 // AT4G14560 // AT2G22200 // AT5G62020 // AT1G50640 // AT1G63650 // AT5G44180 // AT5G43700 // AT3G15500 // AT4G39780 // AT1G68520 // AT4G01250 // AT1G75490 // AT5G49450 // AT4G17490 // AT1G13260 // AT4G37260 
GO:0003677,F,DNA binding,41,211,2892,37767,0.000000036,0.0000014,// AT5G47220 // AT3G60390 // AT2G38470 // AT1G25560 // AT1G51700 // AT1G68840 // AT5G44260 // AT4G17500 // AT4G29190 // AT1G74930 // AT3G21270 // AT5G67190 // AT1G27730 // AT1G32360 // AT5G27670 // AT1G22190 // AT2G35530 // AT4G27410 // AT1G60620 // AT5G47230 // AT3G47620 // AT1G49130 // AT5G37260 // AT1G50640 // AT2G22200 // AT3G46320 // AT5G62020 // AT4G14560 // AT1G63650 // AT5G44180 // AT5G43700 // AT3G15500 // AT4G39780 // AT1G68520 // AT4G01250 // AT1G75490 // AT5G49450 // AT4G17490 // AT5G56270 // AT1G13260 // AT4G37260 
GO:0005488,F,binding,90,211,11258,37767,0.000054,0.0016,// AT5G06870 // AT4G21323 // AT1G51700 // AT2G30100 // AT1G74930 // AT2G31810 // AT1G07350 // AT1G60620 // AT4G37250 // AT4G15350 // AT5G27420 // AT5G43700 // AT5G54490 // AT4G39780 // AT1G14560 // AT4G37260 // AT3G60390 // AT4G28270 // AT5G44260 // AT3G21270 // AT1G22190 // AT2G35530 // AT4G27410 // AT1G49130 // AT3G16090 // AT4G01250 // AT5G44180 // AT5G63160 // AT1G71020 // AT2G32800 // AT2G15880 // AT5G58430 // AT3G25910 // AT5G47220 // AT4G17500 // AT1G25560 // AT1G33610 // AT3G04000 // AT1G76590 // AT2G43290 // AT4G29190 // AT3G12400 // AT5G50450 // AT3G14200 // AT4G36040 // AT5G47230 // AT5G43900 // AT1G75760 // AT5G37260 // AT4G14560 // AT2G22200 // AT4G24570 // AT3G55310 // AT1G16800 // AT2G24240 // AT3G15500 // AT4G37610 // AT2G29300 // AT1G75490 // AT2G17450 // AT1G02610 // AT3G49790 // AT3G08730 // AT1G48090 // AT3G44260 // AT5G27670 // AT5G67190 // AT1G09660 // AT1G26800 // AT1G27730 // AT4G25835 // AT5G56270 // AT1G63650 // AT2G17880 // AT3G48360 // AT1G68840 // AT3G47620 // AT2G38470 // AT1G50640 // AT3G46320 // AT5G62020 // AT1G63090 // AT4G17490 // AT1G32360 // AT4G36550 // AT3G05200 // AT1G68520 // AT3G18773 // AT5G49450 // AT1G13260 
GO:0003676,F,nucleic acid binding,45,211,4842,37767,0.00041,0.0099,// AT5G47220 // AT3G60390 // AT2G38470 // AT1G25560 // AT1G51700 // AT1G68840 // AT5G44260 // AT4G17500 // AT4G29190 // AT1G74930 // AT3G21270 // AT3G44260 // AT5G67190 // AT1G09660 // AT1G27730 // AT1G07350 // AT1G32360 // AT5G27670 // AT1G22190 // AT2G35530 // AT4G27410 // AT1G60620 // AT5G47230 // AT3G47620 // AT1G49130 // AT5G37260 // AT1G50640 // AT2G22200 // AT3G46320 // AT5G62020 // AT4G14560 // AT1G63650 // AT1G16800 // AT5G44180 // AT5G43700 // AT3G15500 // AT4G39780 // AT1G68520 // AT4G01250 // AT1G75490 // AT5G49450 // AT4G17490 // AT5G56270 // AT1G13260 // AT4G37260 
GO:0004842,F,ubiquitin-protein ligase activity,8,211,324,37767,0.00058,0.012,// AT4G12570 // AT5G27420 // AT5G43190 // AT4G28270 // AT4G36550 // AT1G71020 // AT1G55860 // AT1G70320 
GO:0019787,F,small conjugating protein ligase activity,8,211,336,37767,0.00073,0.012,// AT4G12570 // AT5G27420 // AT5G43190 // AT4G28270 // AT4G36550 // AT1G71020 // AT1G55860 // AT1G70320 
GO:0016881,F,acid-amino acid ligase activity,8,211,364,37767,0.0012,0.018,// AT4G12570 // AT5G27420 // AT5G43190 // AT4G28270 // AT4G36550 // AT1G71020 // AT1G55860 // AT1G70320 
GO:0016879,F,"ligase activity, forming carbon-nitrogen bonds",8,211,423,37767,0.003,0.04,// AT4G12570 // AT5G27420 // AT5G43190 // AT4G28270 // AT4G36550 // AT1G71020 // AT1G55860 // AT1G70320 
GO:0005515,F,protein binding,28,211,2944,37767,0.0043,0.051,// AT2G17450 // AT5G06870 // AT3G12400 // AT4G21323 // AT1G33610 // AT4G28270 // AT1G02610 // AT2G30100 // AT1G26800 // AT2G17880 // AT3G14200 // AT3G48360 // AT4G36040 // AT5G43900 // AT4G14560 // AT3G16090 // AT1G50640 // AT3G08730 // AT5G27420 // AT2G24240 // AT5G63160 // AT5G54490 // AT4G37610 // AT3G05200 // AT3G18773 // AT5G49450 // AT2G15880 // AT5G58430 
GO:0016874,F,ligase activity,8,211,564,37767,0.015,0.17,// AT4G12570 // AT5G27420 // AT5G43190 // AT4G28270 // AT4G36550 // AT1G71020 // AT1G55860 // AT1G70320 
GO:0008270,F,zinc ion binding,13,211,1299,37767,0.032,0.32,// AT2G17450 // AT5G50450 // AT1G02610 // AT1G26800 // AT5G27420 // AT1G49130 // AT4G28270 // AT3G18773 // AT3G05200 // AT1G68520 // AT3G16090 // AT3G25910 // AT1G27730 
GO:0000166,F,nucleotide binding,5,211,2267,37767,1,1,// AT4G25835 // AT1G07350 // AT4G37250 // AT3G49790 // AT2G32800 
GO:0016740,F,transferase activity,13,211,3321,37767,0.94,1,// AT4G24740 // AT1G23870 // AT3G08730 // AT2G18700 // AT2G31810 // AT1G34210 // AT1G60620 // AT3G28340 // AT1G70290 // AT4G37250 // AT4G23180 // AT3G04910 // AT2G32800 
GO:0046872,F,metal ion binding,15,211,1997,37767,0.15,1,// AT2G17450 // AT5G50450 // AT1G02610 // AT1G26800 // AT5G27420 // AT1G49130 // AT4G28270 // AT3G18773 // AT5G54490 // AT3G05200 // AT2G43290 // AT1G68520 // AT3G16090 // AT3G25910 // AT1G27730 
GO:0016787,F,hydrolase activity,15,211,3468,37767,0.88,1,// AT5G19120 // AT4G11800 // AT1G28600 // AT4G21323 // AT1G23870 // AT5G43900 // AT3G12710 // AT4G25835 // AT1G02660 // AT1G03445 // AT1G70290 // AT5G18640 // AT3G44260 // AT1G73540 // AT5G18280 
GO:0016301,F,kinase activity,7,211,1641,37767,0.81,1,// AT4G24740 // AT3G08730 // AT1G34210 // AT4G37250 // AT4G23180 // AT3G04910 // AT2G32800 
GO:0043169,F,cation binding,15,211,2087,37767,0.19,1,// AT2G17450 // AT5G50450 // AT1G02610 // AT1G26800 // AT5G27420 // AT1G49130 // AT4G28270 // AT3G18773 // AT5G54490 // AT3G05200 // AT2G43290 // AT1G68520 // AT3G16090 // AT3G25910 // AT1G27730 
GO:0016788,F,"hydrolase activity, acting on ester bonds",8,211,1200,37767,0.36,1,// AT4G11800 // AT1G28600 // AT1G23870 // AT1G02660 // AT1G03445 // AT1G70290 // AT5G18640 // AT3G44260 
GO:0003824,F,catalytic activity,42,211,9638,37767,0.98,1,// AT4G11280 // AT3G61750 // AT4G21323 // AT5G19120 // AT4G28270 // AT3G04000 // AT1G34210 // AT1G03445 // AT5G18640 // AT3G44260 // AT4G24740 // AT4G11800 // AT1G23870 // AT4G25835 // AT3G55310 // AT2G31810 // AT3G12710 // AT3G08730 // AT1G60620 // AT4G37250 // AT4G23180 // AT5G18280 // AT2G29300 // AT4G12570 // AT1G28600 // AT4G36550 // AT5G43900 // AT1G02660 // AT3G28340 // AT1G70290 // AT3G04910 // AT5G27420 // AT2G26550 // AT5G43190 // AT2G18700 // AT1G71020 // AT3G47800 // AT1G55860 // AT2G32800 // AT3G14440 // AT1G73540 // AT1G70320 
GO:0022892,F,substrate-specific transporter activity,8,211,1059,37767,0.24,1,// AT3G18830 // AT2G24240 // AT5G02180 // AT4G18160 // AT3G51480 // AT1G02010 // AT4G24570 // AT1G57990 
GO:0016773,F,"phosphotransferase activity, alcohol group as acceptor",5,211,1154,37767,0.77,1,// AT4G24740 // AT3G08730 // AT4G37250 // AT3G04910 // AT2G32800 
GO:0016772,F,"transferase activity, transferring phosphorus-containing groups",8,211,1887,37767,0.83,1,// AT4G24740 // AT3G08730 // AT1G34210 // AT1G60620 // AT4G37250 // AT4G23180 // AT3G04910 // AT2G32800 
GO:0016491,F,oxidoreductase activity,6,211,1463,37767,0.83,1,// AT3G61750 // AT2G26550 // AT3G04000 // AT3G14440 // AT2G29300 // AT3G55310 
GO:0043167,F,ion binding,15,211,2087,37767,0.19,1,// AT2G17450 // AT5G50450 // AT1G02610 // AT1G26800 // AT5G27420 // AT1G49130 // AT4G28270 // AT3G18773 // AT5G54490 // AT3G05200 // AT2G43290 // AT1G68520 // AT3G16090 // AT3G25910 // AT1G27730 
GO:0022891,F,substrate-specific transmembrane transporter activity,7,211,908,37767,0.25,1,// AT3G18830 // AT2G24240 // AT5G02180 // AT4G18160 // AT3G51480 // AT4G24570 // AT1G57990 
GO:0005215,F,transporter activity,11,211,1477,37767,0.21,1,// AT3G18830 // AT2G24240 // AT5G02180 // AT4G18160 // AT3G51480 // AT1G02010 // AT1G55690 // AT4G24570 // AT1G57990 // AT5G52050 // AT1G14560 
GO:0022857,F,transmembrane transporter activity,8,211,1128,37767,0.3,1,// AT3G18830 // AT2G24240 // AT5G02180 // AT4G18160 // AT3G51480 // AT4G24570 // AT1G57990 // AT5G52050 
GO:0004672,F,protein kinase activity,5,211,953,37767,0.62,1,// AT4G24740 // AT3G08730 // AT4G37250 // AT3G04910 // AT2G32800 
GO:0046914,F,transition metal ion binding,13,211,1618,37767,0.12,1,// AT2G17450 // AT5G50450 // AT1G02610 // AT1G26800 // AT5G27420 // AT1G49130 // AT4G28270 // AT3G18773 // AT3G05200 // AT1G68520 // AT3G16090 // AT3G25910 // AT1G27730 
GO:0043231,C,intracellular membrane-bounded organelle,63,211,7615,37767,0.00055,0.016,// AT5G47220 // AT3G60390 // AT3G12400 // AT4G32020 // AT5G43830 // AT5G61440 // AT4G28270 // AT1G48090 // AT5G16110 // AT4G32450 // AT1G03445 // AT2G30100 // AT3G46320 // AT4G17500 // AT3G44260 // AT2G17880 // AT2G38470 // AT5G67190 // AT4G11800 // AT1G27730 // AT3G22970 // AT2G31810 // AT4G36500 // AT4G18160 // AT4G27410 // AT3G48360 // AT1G49840 // AT1G55860 // AT4G36040 // AT3G23880 // AT5G02020 // AT5G47230 // AT4G05070 // AT4G14420 // AT5G43900 // AT5G02180 // AT1G22190 // AT1G50640 // AT2G22200 // AT3G14440 // AT4G24570 // AT5G56550 // AT1G74930 // AT4G14560 // AT2G35530 // AT5G18280 // AT5G44180 // AT5G43700 // AT5G63160 // AT2G18700 // AT1G27100 // AT1G70190 // AT4G39780 // AT4G33350 // AT2G44230 // AT1G14560 // AT1G75490 // AT4G17490 // AT2G20670 // AT1G13260 // AT5G12390 // AT1G70320 // AT3G15630 
GO:0043227,C,membrane-bounded organelle,63,211,7622,37767,0.00056,0.016,// AT5G47220 // AT3G60390 // AT3G12400 // AT4G32020 // AT5G43830 // AT5G61440 // AT4G28270 // AT1G48090 // AT5G16110 // AT4G32450 // AT1G03445 // AT2G30100 // AT3G46320 // AT4G17500 // AT3G44260 // AT2G17880 // AT2G38470 // AT5G67190 // AT4G11800 // AT1G27730 // AT3G22970 // AT2G31810 // AT4G36500 // AT4G18160 // AT4G27410 // AT3G48360 // AT1G49840 // AT1G55860 // AT4G36040 // AT3G23880 // AT5G02020 // AT5G47230 // AT4G05070 // AT4G14420 // AT5G43900 // AT5G02180 // AT1G22190 // AT1G50640 // AT2G22200 // AT3G14440 // AT4G24570 // AT5G56550 // AT1G74930 // AT4G14560 // AT2G35530 // AT5G18280 // AT5G44180 // AT5G43700 // AT5G63160 // AT2G18700 // AT1G27100 // AT1G70190 // AT4G39780 // AT4G33350 // AT2G44230 // AT1G14560 // AT1G75490 // AT4G17490 // AT2G20670 // AT1G13260 // AT5G12390 // AT1G70320 // AT3G15630 
GO:0005634,C,nucleus,29,211,2621,37767,0.00037,0.016,// AT5G47220 // AT3G60390 // AT2G38470 // AT5G43830 // AT1G03445 // AT3G46320 // AT4G17500 // AT3G44260 // AT1G74930 // AT5G67190 // AT1G27730 // AT4G39780 // AT2G35530 // AT4G27410 // AT3G48360 // AT5G47230 // AT4G14560 // AT2G22200 // AT5G56550 // AT1G50640 // AT5G44180 // AT5G43700 // AT5G63160 // AT1G22190 // AT3G23880 // AT1G75490 // AT4G17490 // AT1G13260 // AT1G70320 
GO:0044424,C,intracellular part,69,211,9302,37767,0.0052,0.049,// AT5G47220 // AT3G60390 // AT3G12400 // AT4G32020 // AT5G43830 // AT1G71020 // AT4G28270 // AT1G48090 // AT5G16110 // AT4G32450 // AT1G03445 // AT2G30100 // AT3G46320 // AT4G17500 // AT3G44260 // AT2G17880 // AT5G61440 // AT2G38470 // AT5G67190 // AT4G11800 // AT4G36550 // AT1G27730 // AT3G22970 // AT2G31810 // AT4G36500 // AT4G18160 // AT4G27410 // AT3G48360 // AT4G39780 // AT1G49840 // AT1G55860 // AT4G36040 // AT3G23880 // AT5G02020 // AT5G47230 // AT4G05070 // AT4G14420 // AT5G43900 // AT5G02180 // AT5G03470 // AT1G22190 // AT1G50640 // AT2G22200 // AT3G14440 // AT4G24570 // AT5G56550 // AT1G74930 // AT4G14560 // AT2G35530 // AT5G18280 // AT3G08730 // AT5G44180 // AT5G43700 // AT2G18700 // AT5G63160 // AT1G13260 // AT1G27100 // AT1G70190 // AT4G37610 // AT4G33350 // AT2G44230 // AT1G70320 // AT1G75490 // AT4G17490 // AT2G20670 // AT5G58430 // AT5G12390 // AT1G14560 // AT3G15630 
GO:0043229,C,intracellular organelle,63,211,8149,37767,0.0031,0.049,// AT5G47220 // AT3G60390 // AT3G12400 // AT4G32020 // AT5G43830 // AT5G61440 // AT4G28270 // AT1G48090 // AT5G16110 // AT4G32450 // AT1G03445 // AT2G30100 // AT3G46320 // AT4G17500 // AT3G44260 // AT2G17880 // AT2G38470 // AT5G67190 // AT4G11800 // AT1G27730 // AT3G22970 // AT2G31810 // AT4G36500 // AT4G18160 // AT4G27410 // AT3G48360 // AT1G49840 // AT1G55860 // AT4G36040 // AT3G23880 // AT5G02020 // AT5G47230 // AT4G05070 // AT4G14420 // AT5G43900 // AT5G02180 // AT1G22190 // AT1G50640 // AT2G22200 // AT3G14440 // AT4G24570 // AT5G56550 // AT1G74930 // AT4G14560 // AT2G35530 // AT5G18280 // AT5G44180 // AT5G43700 // AT5G63160 // AT2G18700 // AT1G27100 // AT1G70190 // AT4G39780 // AT4G33350 // AT2G44230 // AT1G14560 // AT1G75490 // AT4G17490 // AT2G20670 // AT1G13260 // AT5G12390 // AT1G70320 // AT3G15630 
GO:0044464,C,cell part,104,211,15217,37767,0.0051,0.049,// AT5G06870 // AT4G21323 // AT3G61750 // AT2G30100 // AT2G35530 // AT5G02020 // AT3G15358 // AT2G31810 // AT1G72920 // AT1G49840 // AT4G37250 // AT5G03470 // AT3G19030 // AT2G18700 // AT5G45275 // AT5G27420 // AT5G43700 // AT4G39780 // AT3G47800 // AT1G55860 // AT1G14560 // AT3G60390 // AT5G06320 // AT5G43830 // AT5G64510 // AT4G36500 // AT4G18160 // AT4G27410 // AT2G44230 // AT4G05070 // AT4G14420 // AT1G49130 // AT1G22190 // AT3G14440 // AT3G16090 // AT5G56550 // AT5G44180 // AT5G63160 // AT1G71020 // AT2G15880 // AT5G58430 // AT3G25910 // AT1G70320 // AT5G47220 // AT4G17500 // AT1G33610 // AT5G61440 // AT5G47020 // AT1G03445 // AT5G18640 // AT2G38470 // AT3G22970 // AT4G28270 // AT2G30230 // AT4G36040 // AT1G07135 // AT5G47230 // AT1G28600 // AT5G43900 // AT1G75760 // AT4G14560 // AT2G22200 // AT4G33350 // AT4G24570 // AT3G55310 // AT2G24240 // AT1G27100 // AT4G37610 // AT2G29300 // AT1G75490 // AT2G20670 // AT5G19120 // AT3G12400 // AT3G08730 // AT1G48090 // AT5G16110 // AT4G32450 // AT3G44260 // AT5G67190 // AT4G11800 // AT1G72940 // AT1G27730 // AT4G32020 // AT4G25835 // AT2G17880 // AT3G48360 // AT1G68520 // AT3G18830 // AT1G50640 // AT3G52060 // AT3G46320 // AT1G74930 // AT5G12390 // AT5G52050 // AT5G18280 // AT4G17490 // AT1G13260 // AT1G70190 // AT4G36550 // AT3G23880 // AT5G02180 // AT1G57990 // AT3G17020 // AT3G15630 
GO:0005623,C,cell,104,211,15217,37767,0.0051,0.049,// AT5G06870 // AT4G21323 // AT3G61750 // AT2G30100 // AT2G35530 // AT5G02020 // AT3G15358 // AT2G31810 // AT1G72920 // AT1G49840 // AT4G37250 // AT5G03470 // AT3G19030 // AT2G18700 // AT5G45275 // AT5G27420 // AT5G43700 // AT4G39780 // AT3G47800 // AT1G55860 // AT1G14560 // AT3G60390 // AT5G06320 // AT5G43830 // AT5G64510 // AT4G36500 // AT4G18160 // AT4G27410 // AT2G44230 // AT4G05070 // AT4G14420 // AT1G49130 // AT1G22190 // AT3G14440 // AT3G16090 // AT5G56550 // AT5G44180 // AT5G63160 // AT1G71020 // AT2G15880 // AT5G58430 // AT3G25910 // AT1G70320 // AT5G47220 // AT4G17500 // AT1G33610 // AT5G61440 // AT5G47020 // AT1G03445 // AT5G18640 // AT2G38470 // AT3G22970 // AT4G28270 // AT2G30230 // AT4G36040 // AT1G07135 // AT5G47230 // AT1G28600 // AT5G43900 // AT1G75760 // AT4G14560 // AT2G22200 // AT4G33350 // AT4G24570 // AT3G55310 // AT2G24240 // AT1G27100 // AT4G37610 // AT2G29300 // AT1G75490 // AT2G20670 // AT5G19120 // AT3G12400 // AT3G08730 // AT1G48090 // AT5G16110 // AT4G32450 // AT3G44260 // AT5G67190 // AT4G11800 // AT1G72940 // AT1G27730 // AT4G32020 // AT4G25835 // AT2G17880 // AT3G48360 // AT1G68520 // AT3G18830 // AT1G50640 // AT3G52060 // AT3G46320 // AT1G74930 // AT5G12390 // AT5G52050 // AT5G18280 // AT4G17490 // AT1G13260 // AT1G70190 // AT4G36550 // AT3G23880 // AT5G02180 // AT1G57990 // AT3G17020 // AT3G15630 
GO:0005622,C,intracellular,72,211,9671,37767,0.0037,0.049,// AT5G47220 // AT3G60390 // AT3G12400 // AT4G32020 // AT5G43830 // AT1G71020 // AT4G28270 // AT1G48090 // AT5G16110 // AT4G32450 // AT1G03445 // AT2G30100 // AT3G46320 // AT4G17500 // AT3G44260 // AT2G17880 // AT5G61440 // AT2G38470 // AT1G68520 // AT5G67190 // AT4G11800 // AT4G36550 // AT1G27730 // AT3G22970 // AT2G31810 // AT4G36500 // AT4G18160 // AT4G27410 // AT3G48360 // AT4G39780 // AT1G49840 // AT1G55860 // AT4G36040 // AT3G23880 // AT5G02020 // AT5G47230 // AT4G05070 // AT4G14420 // AT1G49130 // AT5G43900 // AT5G02180 // AT5G03470 // AT1G22190 // AT1G50640 // AT2G22200 // AT3G14440 // AT4G24570 // AT5G56550 // AT1G74930 // AT4G14560 // AT2G35530 // AT5G18280 // AT3G08730 // AT5G44180 // AT5G43700 // AT2G18700 // AT5G63160 // AT1G13260 // AT1G27100 // AT1G70190 // AT4G37610 // AT4G33350 // AT2G44230 // AT1G70320 // AT1G75490 // AT4G17490 // AT2G20670 // AT3G15630 // AT5G58430 // AT3G25910 // AT1G14560 // AT5G12390 
GO:0043226,C,organelle,63,211,8155,37767,0.0031,0.049,// AT5G47220 // AT3G60390 // AT3G12400 // AT4G32020 // AT5G43830 // AT5G61440 // AT4G28270 // AT1G48090 // AT5G16110 // AT4G32450 // AT1G03445 // AT2G30100 // AT3G46320 // AT4G17500 // AT3G44260 // AT2G17880 // AT2G38470 // AT5G67190 // AT4G11800 // AT1G27730 // AT3G22970 // AT2G31810 // AT4G36500 // AT4G18160 // AT4G27410 // AT3G48360 // AT1G49840 // AT1G55860 // AT4G36040 // AT3G23880 // AT5G02020 // AT5G47230 // AT4G05070 // AT4G14420 // AT5G43900 // AT5G02180 // AT1G22190 // AT1G50640 // AT2G22200 // AT3G14440 // AT4G24570 // AT5G56550 // AT1G74930 // AT4G14560 // AT2G35530 // AT5G18280 // AT5G44180 // AT5G43700 // AT5G63160 // AT2G18700 // AT1G27100 // AT1G70190 // AT4G39780 // AT4G33350 // AT2G44230 // AT1G14560 // AT1G75490 // AT4G17490 // AT2G20670 // AT1G13260 // AT5G12390 // AT1G70320 // AT3G15630 
GO:0016020,C,membrane,21,211,4068,37767,0.68,1,// AT1G07135 // AT3G18830 // AT3G61750 // AT1G72940 // AT5G27420 // AT5G06320 // AT1G75760 // AT4G33350 // AT2G24240 // AT5G52050 // AT4G18160 // AT5G02180 // AT1G72920 // AT3G14440 // AT4G24570 // AT3G55310 // AT4G17500 // AT1G57990 // AT3G17020 // AT1G14560 // AT3G12400 
GO:0043234,C,protein complex,10,211,1443,37767,0.29,1,// AT4G17500 // AT3G12400 // AT2G24240 // AT5G43900 // AT5G03470 // AT4G36550 // AT1G71020 // AT1G55860 // AT5G58430 // AT1G70320 
GO:0044425,C,membrane part,7,211,1360,37767,0.64,1,// AT1G07135 // AT4G17500 // AT3G12400 // AT2G24240 // AT1G75760 // AT1G72920 // AT1G72940 
GO:0044422,C,organelle part,11,211,2562,37767,0.85,1,// AT3G46320 // AT4G17500 // AT3G12400 // AT5G43900 // AT4G33350 // AT1G70190 // AT4G18160 // AT3G14440 // AT4G24570 // AT5G56550 // AT1G14560 
GO:0012505,C,endomembrane system,20,211,3416,37767,0.45,1,// AT5G18640 // AT5G19120 // AT4G17500 // AT3G22970 // AT4G21323 // AT1G33610 // AT4G25835 // AT2G30230 // AT5G47020 // AT5G64510 // AT3G52060 // AT3G19030 // AT3G47800 // AT2G29300 // AT3G16090 // AT2G15880 // AT5G45275 // AT4G37250 // AT3G15358 // AT1G14560 
GO:0044446,C,intracellular organelle part,11,211,2561,37767,0.85,1,// AT3G46320 // AT4G17500 // AT3G12400 // AT5G43900 // AT4G33350 // AT1G70190 // AT4G18160 // AT3G14440 // AT4G24570 // AT5G56550 // AT1G14560 
GO:0044444,C,cytoplasmic part,38,211,6289,37767,0.33,1,// AT3G12400 // AT5G43830 // AT5G61440 // AT1G48090 // AT5G16110 // AT4G32450 // AT5G02020 // AT2G30100 // AT2G17880 // AT4G11800 // AT3G22970 // AT2G31810 // AT4G36500 // AT4G18160 // AT4G28270 // AT1G49840 // AT1G55860 // AT4G36040 // AT4G05070 // AT4G14420 // AT5G43900 // AT5G12390 // AT3G14440 // AT4G24570 // AT2G35530 // AT5G18280 // AT4G32020 // AT2G18700 // AT1G27100 // AT1G70190 // AT4G33350 // AT2G44230 // AT1G14560 // AT5G02180 // AT2G20670 // AT5G58430 // AT1G70320 // AT3G15630 
GO:0031224,C,intrinsic to membrane,6,211,806,37767,0.3,1,// AT1G07135 // AT4G17500 // AT2G24240 // AT1G75760 // AT1G72920 // AT1G72940 
GO:0031090,C,organelle membrane,6,211,842,37767,0.33,1,// AT3G12400 // AT4G18160 // AT4G33350 // AT3G14440 // AT4G24570 // AT1G14560 
GO:0005739,C,mitochondrion,10,211,1276,37767,0.18,1,// AT2G18700 // AT4G32450 // AT4G36500 // AT1G70190 // AT4G33350 // AT1G55860 // AT1G14560 // AT4G24570 // AT5G12390 // AT1G70320 
GO:0009507,C,chloroplast,19,211,2740,37767,0.2,1,// AT5G02020 // AT5G02180 // AT4G05070 // AT4G32020 // AT3G22970 // AT5G61440 // AT4G33350 // AT1G48090 // AT2G31810 // AT5G16110 // AT2G35530 // AT3G14440 // AT2G44230 // AT2G30100 // AT1G49840 // AT2G20670 // AT2G17880 // AT4G36040 // AT3G15630 
GO:0009536,C,plastid,19,211,2965,37767,0.3,1,// AT5G02020 // AT5G02180 // AT4G05070 // AT4G32020 // AT3G22970 // AT5G61440 // AT4G33350 // AT1G48090 // AT2G31810 // AT5G16110 // AT2G35530 // AT3G14440 // AT2G44230 // AT2G30100 // AT1G49840 // AT2G20670 // AT2G17880 // AT4G36040 // AT3G15630 
GO:0032991,C,macromolecular complex,12,211,2180,37767,0.56,1,// AT4G36550 // AT4G17500 // AT3G12400 // AT2G24240 // AT5G43900 // AT5G03470 // AT1G70190 // AT1G71020 // AT1G55860 // AT3G46320 // AT5G58430 // AT1G70320 
GO:0005737,C,cytoplasm,42,211,6822,37767,0.27,1,// AT3G12400 // AT5G43830 // AT5G61440 // AT1G48090 // AT5G16110 // AT4G32450 // AT5G02020 // AT2G30100 // AT2G17880 // AT4G11800 // AT3G22970 // AT2G31810 // AT4G36500 // AT4G18160 // AT4G28270 // AT3G48360 // AT1G49840 // AT1G55860 // AT4G36040 // AT4G05070 // AT4G14420 // AT5G43900 // AT5G12390 // AT3G14440 // AT4G24570 // AT2G35530 // AT5G18280 // AT3G08730 // AT4G32020 // AT5G63160 // AT2G18700 // AT1G27100 // AT1G70190 // AT4G37610 // AT4G33350 // AT2G44230 // AT1G14560 // AT5G02180 // AT2G20670 // AT5G58430 // AT1G70320 // AT3G15630 
